{"times": [0.02, 0.12, 0.22, 0.32, 0.42, 0.52, 0.62, 0.72, 0.82, 0.92, 1.02, 1.12, 1.22, 1.32, 1.42, 1.52, 1.62, 1.72, 1.82, 1.92, 2.02, 2.12, 2.22, 2.32, 2.42, 2.52, 2.62, 2.72, 2.82, 2.92, 3.02, 3.12, 3.22, 3.32, 3.42, 3.52, 3.62, 3.72, 3.82, 3.92, 4.02, 4.12, 4.22, 4.32, 4.42, 4.52, 4.62, 4.72, 4.82, 4.92, 5.02, 5.12, 5.22, 5.32, 5.42, 5.52, 5.62, 5.72, 5.82, 5.92, 6.02, 6.12, 6.22, 6.32, 6.42, 6.52, 6.62, 6.72, 6.82, 6.92, 7.02, 7.12, 7.22, 7.32, 7.42, 7.52, 7.62, 7.72, 7.82, 7.92, 8.02, 8.12, 8.22, 8.32, 8.42, 8.52, 8.62, 8.72, 8.82, 8.92, 9.02, 9.12, 9.22, 9.32, 9.42, 9.52, 9.62, 9.72, 9.82, 9.92], "sensor_velocities": [29.697337832092977, 30.324137841555046, 29.810882795199237, 30.493482070168756, 29.907205465871716, 29.649801329629923, 29.822819967405916, 29.795407348040854, 29.32922888870513, 30.023306618645623, 28.949342024155357, 28.77820507975375, 28.822174025339184, 28.59926842903897, 28.252552943966265, 28.48444498451353, 28.15288129420782, 27.91401471674919, 28.435119438151826, 27.549894704454786, 27.81791364218528, 28.402219511929342, 26.67531166285503, 27.946345132697246, 26.683374350456518, 27.417079964075914, 26.35239711894587, 26.676997682423735, 26.474104038368097, 26.53877728859499, 26.02551317882085, 25.43244555930302, 25.986611148468185, 25.75724972598065, 25.091470313098394, 25.53866337782795, 25.650338089680822, 25.61750902422345, 25.814595023047186, 25.26763651791043, 24.50553072312116, 24.589841916572905, 24.540889801470765, 24.819530435431155, 23.71228726976917, 24.048674051909813, 23.74263397097271, 23.615915738501744, 24.020066509672795, 23.777566744887828, 23.21182973042894, 22.798568449484286, 23.286404360361107, 22.633972587799065, 23.037023674926974, 22.27210923282223, 21.79849040768194, 23.34594403998074, 22.214008085621202, 22.125503806658877, 21.75122879769726, 21.354628169515493, 21.80811271400548, 21.71154966422541, 21.564925670958655, 20.952584820807882, 21.158368463183766, 20.76794768347551, 20.25786867137477, 20.349775437897375, 20.093413539263437, 20.508516384575824, 20.774900071713006, 20.61689156200975, 19.83385938862806, 19.370887930359334, 20.460144003664354, 20.302386268614622, 19.968238436537053, 18.997820729523056, 19.389591451125483, 20.606854643215136, 20.062315005035806, 20.562777637963627, 20.098190508528372, 19.607016128399753, 20.20248956829102, 19.916609635235638, 20.11582677702732, 19.47249594617487, 19.976251131820398, 19.73644307882076, 20.137512417495227, 19.95231573342798, 20.239852105300244, 19.892307883773015, 20.18235726686453, 20.790235791619956, 20.006124883845818, 20.19634883207551], "filtered_velocities": [null, null, null, null, null, null, null, null, null, null, null, null, null, null, null, null, null, null, null, null, null, null, null, null, null, null, null, null, null, null, null, null, null, null, null, null, null, null, null, null, null, null, null, null, null, null, null, null, null, null, null, null, null, null, null, null, null, null, null, null, null, null, null, null, null, null, null, null, null, null, null, null, null, null, null, null, null, null, null, null, null, null, null, null, null, null, null, null, null, null, null, null, null, null, null, null, null, null, null, null], "sensor_accelerations": [-0.796479389228999, 1.5458156329201955, -1.1229516641999382, 2.3302201076876017, -1.278549989436506, -1.8582909209558807, -0.2632285061300266, -0.26815328155244345, -2.2239337298664097, 1.8556455313392206, -3.7511348057462257, -2.843140197684484, -1.381785533874016, -1.7589497455745118, -2.519360354504805, -0.3655912523753102, -1.6788092555360379, -1.994803135541403, 1.2128938061233896, -3.267621457728467, -0.6199430143677276, 2.257073553233191, -6.435027336955059, 2.087564211867239, -4.463855292735381, 0.7893411642941928, -4.30148983367161, -0.941708964787118, -1.4256901859067028, -0.5031475849762757, -2.5639747562984994, -4.062667817179175, 0.21271375680019133, -0.9029825479122522, -3.46474703447619, 0.06827898046960712, 0.5350064143065936, 0.15070820726393208, 0.9609519706081571, -1.9016128833094825, -4.447633902990695, -2.092449097475253, -1.3789029057341295, 0.47529182336170095, -4.66519757333856, -1.091045005635607, -1.9677072018668795, -1.655867321963811, 0.8803291846808392, -0.5910428623469954, -2.8463273536776867, -3.4189195843430653, 0.2746286043838708, -2.751934300305372, 0.26728308472041107, -3.256728528797268, -3.9153126237561864, 4.716112703248392, -2.4221059420870006, -1.7378795791163526, -2.630351209463875, -3.224920411695429, 0.22935299343533444, -0.30259600729880987, -0.8205941452229126, -3.1811512730764235, -0.8490066948215969, -2.209034833543946, -3.4963047806315117, -1.5307939784582913, -1.9905578454112316, 0.7433800862744988, 1.598274798442425, 0.183422306528378, -3.3839099333436096, -3.9384820619032013, 2.6635826967159915, 0.7756228498940132, -1.0571119700606246, -4.906368192431287, -0.9783155202762117, 4.87585183964562, 0.28133005922772014, 2.3839136927688998, -0.7454074457242754, -2.60005939474091, 1.208122093451749, -0.6022751241085089, 0.5526473125697251, -2.5571631066273426, 0.8236376032585113, -0.610515884384597, 1.4466235422178286, -0.021749762416582996, 1.2679053940002305, -0.843604128426243, 0.8230876566312872, 3.162670673598882, -1.7356812165764524, -0.11625442557186005], "filtered_accelerations": [null, null, null, null, null, null, null, null, null, null, null, null, null, null, null, null, null, null, null, null, null, null, null, null, null, null, null, null, null, null, null, null, null, null, null, null, null, null, null, null, null, null, null, null, null, null, null, null, null, null, null, null, null, null, null, null, null, null, null, null, null, null, null, null, null, null, null, null, null, null, null, null, null, null, null, null, null, null, null, null, null, null, null, null, null, null, null, null, null, null, null, null, null, null, null, null, null, null, null, null], "message_speed": [30.0, 29.98473877509364, 29.945271500168968, 29.885946833265116, 29.810332188611152, 29.721354088404873, 29.62141330015575, 29.512479289408653, 29.39616770387491, 29.27380393740776, 29.146475274601386, 29.015073667524053, 28.880330827538536, 28.742847012817364, 28.603114644131775, 28.46153767802428, 28.318447499557763, 28.174115959905205, 28.02876607171414, 27.882580783030853, 27.735710174974027, 27.588277366334243, 27.440383357402055, 27.292111003594123, 27.143528275210578, 26.994690931571586, 26.845644714740676, 26.696427149141844, 26.547069017872605, 26.39759557379468, 26.248027533050156, 26.09838189009104, 25.948672586287092, 25.798911058417296, 25.649106688623863, 25.499267173531248, 25.34939882705218, 25.199506828794238, 25.049595427839694, 24.899668109915996, 24.749727734533774, 24.599776647487595, 24.44981677314608, 24.299849690161725, 24.149876693579518, 23.999898845787353, 23.849917018313356, 23.69993192611416, 23.54994415570318, 23.399954188225728, 23.249962418388513, 23.099969169988572, 22.94997470865221, 22.799979252285553, 22.649982979647422, 22.49998603738238, 22.349988545790033, 22.199990603558007, 22.04999229164448, 21.899993676463353, 21.749994812497153, 21.599995744440527, 21.450014024545204, 21.301092970800866, 21.155589618849234, 21.015499700203833, 20.88236331524794, 20.75731916512015, 20.641156240189307, 20.534362494969574, 20.43717017784062, 20.349597603515605, 20.27148725809795, 20.202540212136892, 20.142346887728365, 20.090414282828842, 20.04618980095846, 20.009081868734803, 19.978477548515755, 19.953757370087676, 19.934307614982632, 19.919530290734908, 19.908851031185836, 19.901725153727288, 19.89764209595132, 19.89612844327307, 19.896749746357816, 19.899111313169175, 19.90285814564313, 19.90767417579327, 19.91328094080669, 19.919435821680036, 19.92592995539816, 19.932585916750934, 19.93925525275132, 19.94581594035808, 19.952169826878905, 19.958240102074416, 19.963968841607805, 19.969314653082918],