{"times": [0.02, 0.12, 0.22, 0.32, 0.42, 0.52, 0.62, 0.72, 0.82, 0.92, 1.02, 1.12, 1.22, 1.32, 1.42, 1.52, 1.62, 1.72, 1.82, 1.92, 2.02, 2.12, 2.22, 2.32, 2.42, 2.52, 2.62, 2.72, 2.82, 2.92, 3.02, 3.12, 3.22, 3.32, 3.42, 3.52, 3.62, 3.72, 3.82, 3.92, 4.02, 4.12, 4.22, 4.32, 4.42, 4.52, 4.62, 4.72, 4.82, 4.92], "sensor_velocities": [30.19271253191655, 30.21402830613884, 29.9156166449162, 29.73095240171145, 28.680538342876712, 28.96463925310422, 28.812181516185948, 27.90348480979524, 27.17333701553788, 26.80464236529677, 26.461899298314723, 26.54417288001681, 25.764864412628267, 24.933558803628994, 24.603744568122735, 23.77576411438616, 23.226960063817977, 22.662331239011838, 22.358649223402917, 21.686122958443164, 21.4283739288903, 20.199550638972404, 20.329125326857618, 20.52889306315099, 19.87427441505232, 19.77744822034382, 19.623640031667804, 19.351204366124772, 19.70491390803397, 19.296108555506628, 19.340361868581354, 19.97640679022686, 19.66769998562392, 19.610532123214053, 19.66277501258848, 19.189950178962505, 19.491641773631482, 19.80967857153184, 19.550881931603126, 20.501296639495674, 20.09140883457106, 19.187194344332454, 20.757846213447568, 20.42736557173711, 20.11972050481315, 20.65451001053967, 20.881052220371224, 20.65188877668866, 21.414106777272327, 20.86036202367439], "filtered_velocities": [null, null, null, null, null, null, null, null, null, null, null, null, null, null, null, null, null, null, null, null, null, null, null, null, null, null, null, null, null, null, null, null, null, null, null, null, null, null, null, null, null, null, null, null, null, null, null, null, null, null], "sensor_accelerations": [0.5071382418856629, 0.6252178543340037, -0.8404311624071426, -1.3091709922282035, -5.397506296269725, -1.7510684691510647, -1.6518920421148664, -4.961679573412923, -6.003635555939333, -4.972530103118515, -4.284769814423726, -2.011168126018248, -4.584999111964159, -6.244551149681143, -4.932952602577245, -6.422809719013536, -6.006695607583978, -5.846259651358459, -4.595632728047825, -5.543641230282255, -4.22325393047462, -7.813393488777294, -3.7584436492383944, -1.1960962670565678, -3.5776983260056383, -2.416103137096677, -2.025250434808221, -2.336458797262111, 0.27816418210282023, -1.6654653018695598, -0.7270860957937941, 2.427942701398358, -0.027074022805848585, -0.2695057179527893, 0.0830253658894975, -2.0587215761285904, 0.20070738515297393, 1.527108533830237, -0.30472430291784036, 4.061712027097464, 0.42901101628935123, -3.787090681923786, 4.890523781171083, 1.2423581440458165, -0.6801671874236348, 2.0032353122283197, 2.1199482207225984, 0.15612444947397108, 3.479652198401233, -0.5343255915870415], "filtered_accelerations": [null, null, null, null, null, null, null, null, null, null, null, null, null, null, null, null, null, null, null, null, null, null, null, null, null, null, null, null, null, null, null, null, null, null, null, null, null, null, null, null, null, null, null, null, null, null, null, null, null, null], "message_speed": [30.0, 29.94090610608101, 29.788082530517453, 29.558367969968998, 29.265576020612432, 28.92103864258658, 28.53405199012557, 28.112242147550763, 27.661865160169864, 27.188053164115008, 26.69501629853686, 26.186208343930012, 25.66446260325129, 25.132103371764327, 24.59103738113706, 24.042828815451653, 23.488760850460586, 22.929886137210847, 22.36706821619918, 21.80101549140392, 21.232309100824338, 20.732449426353043, 20.34345554572197, 20.045410230582036, 19.821974416518817, 19.65974437981839, 19.547724398520064, 19.476894150807528, 19.439853831014425, 19.430533021142928, 19.443951864108996, 19.476025142620106, 19.52340155561571, 19.583331868968422, 19.65356075313592, 19.732238052362497, 19.81784599451937, 19.909139477821153, 20.00509708513507, 20.104880898652695, 20.207803533924533, 20.316835418945804, 20.433585481424103, 20.55666713765741, 20.6849429060631, 20.817479655558767, 20.953511893647402, 21.092411649860523, 21.233663769691937, 21.37684564701829], "message_acceleration": [0, -5.808238946892116, -5.808238946892116, -5.808238946892116, -5.808238946892116, -5.808238946892116, -5.808238946892116, -5.808238946892116, -5.808238946892116, -5.808238946892116, -5.808238946892116, -5.808238946892116, -5.808238946892116, -5.808238946892116, -5.808238946892116, -5.808238946892116, -5.808238946892116, -5.808238946892116, -5.808238946892116, -5.808238946892116, -5.808238946892116, 1.172555198917813, 1.172555198917813, 1.172555198917813, 1.172555198917813, 1.172555198917813, 1.172555198917813, 1.172555198917813, 1.172555198917813, 1.172555198917813, 1.172555198917813, 1.172555198917813, 1.172555198917813, 1.172555198917813, 1.172555198917813, 1.172555198917813, 1.172555198917813, 1.172555198917813, 1.172555198917813, 1.172555198917813, 1.172555198917813, 1.5199377990815446, 1.5199377990815446, 1.5199377990815446, 1.5199377990815446, 1.5199377990815446, 1.5199377990815446, 1.5199377990815446, 1.5199377990815446, 1.5199377990815446]}