{"times": [0.02, 0.12, 0.22, 0.32, 0.42, 0.52, 0.62, 0.72, 0.82, 0.92, 1.02, 1.12, 1.22, 1.32, 1.42, 1.52, 1.62, 1.72, 1.82, 1.92, 2.02, 2.12, 2.22, 2.32, 2.42, 2.52, 2.62, 2.72, 2.82, 2.92, 3.02, 3.12, 3.22, 3.32, 3.42, 3.52, 3.62, 3.72, 3.82, 3.92, 4.02, 4.12, 4.22, 4.32, 4.42, 4.52, 4.62, 4.72, 4.82, 4.92], "sensor_velocities": [30.030878637833062, 29.95567139278756, 29.939663972724063, 29.91949320644155, 29.861437090996382, 29.696947825873007, 29.623993518918482, 29.493192808930413, 29.419877192717117, 29.289767818529995, 29.1062192898748, 29.052157415664563, 28.863318878484943, 28.749301548463915, 28.574814568298027, 28.45430356725042, 28.369483625387268, 28.206877246405007, 28.032017883884613, 27.903355948026398, 27.72981745135184, 27.579486745281738, 27.45871599763085, 27.27881360944821, 27.208202031690963, 27.036139144573575, 26.861933713563317, 26.705680293903157, 26.600236337607573, 26.401345085369677, 26.253691368109152, 26.08977106938612, 25.975696281198893, 25.87943670397053, 25.645251687842684, 25.47640954339055, 25.322109192307643, 25.222732868433063, 25.041188558499528, 24.917934115048237, 24.745820863376693, 24.629962997448402, 24.464014777234812, 24.27826357726419, 24.1903241139545, 24.00113182796657, 23.845289282112404, 23.67094534953285, 23.54959785226588, 23.368346078054152], "filtered_velocities": [30.030878637833062, 29.95567139278756, 29.939663972724063, 29.91949320644155, 29.861437090996382, 29.696947825873007, 29.623993518918482, 29.493192808930413, 29.419877192717117, 29.289767818529995, 29.1062192898748, 29.052157415664563, 28.863318878484943, 28.749301548463915, 28.574814568298027, 28.45430356725042, 28.369483625387268, 28.206877246405007, 28.032017883884613, 27.903355948026398, 27.72981745135184, 27.579486745281738, 27.45871599763085, 27.27881360944821, 27.208202031690963, 27.036139144573575, 26.861933713563317, 26.705680293903157, 26.600236337607573, 26.401345085369677, 26.253691368109152, 26.08977106938612, 25.975696281198893, 25.87943670397053, 25.645251687842684, 25.47640954339055, 25.322109192307643, 25.222732868433063, 25.041188558499528, 24.917934115048237, 24.745820863376693, 24.629962997448402, 24.464014777234812, 24.27826357726419, 24.1903241139545, 24.00113182796657, 23.845289282112404, 23.67094534953285, 23.54959785226588, 23.368346078054152], "sensor_accelerations": [0.30847790043019074, -0.7510137083609081, -0.16066396121086512, -0.20166670100628892, -0.5801830158979371, -1.643830065709011, -0.7304555325260864, -1.3074307005367913, -0.733729290985643, -1.3005275093203394, -1.8349513960229302, -0.541910492544595, -1.8870415831531062, -1.1409186784806025, -1.7442670554266115, -1.2056480918951706, -0.8485561541897013, -1.6252878333255794, -1.7484705654088373, -1.2870802883893617, -1.734937556441345, -1.503538229090644, -1.208002717074983, -1.798434039757133, -0.7072059166444689, -1.7196174700123024, -1.7420319180243027, -1.562713336222572, -1.0549468227158343, -1.9879804199538853, -1.47704759551619, -1.6390411553408768, -1.1412451810436863, -0.9627740652843286, -2.3404738364585143, -1.6890721960596977, -1.5431492881052122, -0.9943115287623172, -1.8146236059337184, -1.2331253524282815, -1.7206454831322304, -1.1591396047755964, -1.6589828577290078, -1.8573138666326372, -0.8803706013679502, -1.8909133256816446, -1.558757283090877, -1.7432550121960944, -1.2140036957906375, -1.8119204221148166], "filtered_accelerations": [0.1441485516028929, -0.36919717409143316, -0.24575664724001253, -0.21952310187734775, -0.4342964180185209, -1.154673830486236, -0.9020110388484541, -1.1434783223047729, -0.8994323267273293, -1.1383241246271623, -1.5532344781480214, -0.9508911437371944, -1.5084612058117532, -1.2895533239532118, -1.560380268886024, -1.3491022160929358, -1.0509775909481371, -1.3930360721887738, -1.6047324236731133, -1.4155391985824195, -1.6057724717131752, -1.5448818812589875, -1.3442370611607506, -1.614756228709674, -1.074220367622816, -1.4586180961511706, -1.6274190234534842, -1.5888803949062824, -1.2708702092776867, -1.6979801778038035, -1.5663930007389597, -1.6096621531838073, -1.3306735747905165, -1.111553074780075, -1.8434967844458883, -1.7515216875872186, -1.6274153401116322, -1.2503394807619341, -1.5864264187998776, -1.3760007337494216, -1.581270726938864, -1.3298499444470944, -1.5258811069377123, -1.7232820551522707, -1.2212450193713305, -1.6200986474091073, -1.583563805493241, -1.678675693810155, -1.4019176174442636, -1.6461147888014163], "message_speed": [30.0, 29.98473877509364, 29.945271500168968, 29.885946833265116, 29.810332188611152, 29.721354088404873, 29.62141330015575, 29.512479289408653, 29.39616770387491, 29.27380393740776, 29.146475274601386, 29.015073667524053, 28.880330827538536, 28.742847012817364, 28.603114644131775, 28.46153767802428, 28.318447499557763, 28.174115959905205, 28.02876607171414, 27.882580783030853, 27.735710174974027, 27.588277366334243, 27.440383357402055, 27.292111003594123, 27.143528275210578, 26.994690931571586, 26.845644714740676, 26.696427149141844, 26.547069017872605, 26.39759557379468, 26.248027533050156, 26.09838189009104, 25.948672586287092, 25.798911058417296, 25.649106688623863, 25.499267173531248, 25.34939882705218, 25.199506828794238, 25.049595427839694, 24.899668109915996, 24.749727734533774, 24.599776647487595, 24.44981677314608, 24.299849690161725, 24.149876693579518, 23.999898845787353, 23.849917018313356, 23.69993192611416, 23.54994415570318, 23.399954188225728], "message_acceleration": [0, 0, 0, 0, 0, 0, 0, 0, 0, 0, 0, 0, 0, 0, 0, 0, 0, 0, 0, 0, 0, 0, 0, 0, 0, 0, 0, 0, 0, 0, 0, 0, 0, 0, 0, 0, 0, 0, 0, 0, 0, 0, 0, 0, 0, 0, 0, 0, 0, 0]}