{"v.0": {"times": [0.02, 0.12, 0.22, 0.32, 0.42, 0.52, 0.62, 0.72, 0.82, 0.92, 1.02, 1.12, 1.22, 1.32, 1.42, 1.52, 1.62, 1.72, 1.82, 1.92, 2.02, 2.12, 2.22, 2.32, 2.42, 2.52, 2.62, 2.72, 2.82, 2.92, 3.02, 3.12, 3.22, 3.32, 3.42, 3.52, 3.62, 3.72, 3.82, 3.92, 4.02, 4.12, 4.22, 4.32, 4.42, 4.52, 4.62, 4.72, 4.82, 4.92], "accelerations": [0.0, -1.0434600015411633, -1.8994606397928493, -2.6016793080742673, -3.177743198740046, -3.650316232066686, -4.037990716523154, -4.356018820751828, -4.616912635368209, -4.8309364326375, -5.006510490859739, -5.150542371024258, -5.268698679045158, -5.365628005450063, -5.445143813574305, -5.510374471581869, -5.563886330978107, -5.607784693856743, -5.6437966412115514, -5.673338981000242, -5.6975739892195065, -4.4633436004929194, -3.450844799447239, -2.6202431293835815, -1.9388604614736238, -1.379889348289609, -0.9213383459094615, -0.5451668107003371, -0.23657513133059638, 0.016577528196393132, 0.2242508820479827, 0.39461536480978054, 0.5343735786020432, 0.6490239916804086, 0.7430772631295213, 0.8202337044604491, 0.8835288599300384, 0.9354529331101702, 0.9780487582663255, 1.0129921710145595, 1.0416579402544812, 1.1275817300280266, 1.198069164888338, 1.2558934122377963, 1.303329435242162, 1.3422434960673968, 1.374166579705971, 1.400354627096334, 1.4218379472495712, 1.4394617524132514], "velocities": [30.0, 29.94090610608101, 29.788082530517453, 29.558367969968998, 29.265576020612432, 28.92103864258658, 28.53405199012557, 28.112242147550763, 27.661865160169864, 27.188053164115008, 26.69501629853686, 26.186208343930012, 25.66446260325129, 25.132103371764327, 24.59103738113706, 24.042828815451653, 23.488760850460586, 22.929886137210847, 22.36706821619918, 21.80101549140392, 21.232309100824338, 20.732449426353043, 20.34345554572197, 20.045410230582036, 19.821974416518817, 19.65974437981839, 19.547724398520064, 19.476894150807528, 19.439853831014425, 19.430533021142928, 19.443951864108996, 19.476025142620106, 19.52340155561571, 19.583331868968422, 19.65356075313592, 19.732238052362497, 19.81784599451937, 19.909139477821153, 20.00509708513507, 20.104880898652695, 20.207803533924533, 20.316835418945804, 20.433585481424103, 20.55666713765741, 20.6849429060631, 20.817479655558767, 20.953511893647402, 21.092411649860523, 21.233663769691937, 21.37684564701829]}, "v.1": {"times": [0.02, 0.12, 0.22, 0.32, 0.42, 0.52, 0.62, 0.72, 0.82, 0.92, 1.02, 1.12, 1.22, 1.32, 1.42, 1.52, 1.62, 1.72, 1.82, 1.92, 2.02, 2.12, 2.22, 2.32, 2.42, 2.52, 2.62, 2.72, 2.82, 2.92, 3.02, 3.12, 3.22, 3.32, 3.42, 3.52, 3.62, 3.72, 3.82, 3.92, 4.02, 4.12, 4.22, 4.32, 4.42, 4.52, 4.62, 4.72, 4.82, 4.92], "accelerations": [0.0, -1.439010117999473, -2.610468513983122, -3.5481448825123607, -4.28255000796085, -4.841360470828349, -5.2496448378743565, -5.530064375086852, -5.70317809048575, -5.787402893309235, -5.799293969747765, -5.753569197025499, -5.6632150294166905, -5.539680719767048, -5.392896294534921, -5.2313342896429305, -5.062246439768003, -4.8916254625225974, -4.724458414369792, -4.564671554081556, -4.415371430839343, -4.2787632985554325, -4.145482371998455, -4.000914048952353, -3.836021561363623, -3.6459653871538933, -3.4293067173862823, -3.1870004140593267, -2.9216743165626724, -2.637236250279784, -2.3381966218490646, -2.029509750192915, -1.7160965372987391, -1.402726241617458, -1.093798153984693, -0.7932823522811105, -0.5046441342955177, -0.23079519559630057, 0.02600818630718038, 0.26399201333155986, 0.48194025871488577, 0.6791465989607559, 0.8559110307452045, 1.0131087851370069, 1.1516859888853759, 1.2726332651435968, 1.3770221183779796, 1.4659087450677788, 1.5404599521374962, 1.6018382938543851], "velocities": [30.0, 29.918505059000026, 29.70826126637425, 29.39411132739197, 28.99770553855164, 28.537803626360045, 28.030545357975623, 27.489699975677112, 26.926889651561762, 26.351801969632533, 25.772388257258463, 25.19504837484554, 24.62480845012884, 24.065483021190012, 23.51982773862623, 22.98968779192468, 22.476130254176848, 21.979568326465937, 21.49987289135901, 21.036476201549867, 20.58846430617268, 20.15466364217346, 19.73433536296072, 19.32797441145799, 18.93722130334003, 18.564382529969482, 18.212055943556038, 17.8828477173003, 17.579173793077825, 17.30311483984011, 17.0563266182334, 16.83998870831584, 16.654787150742568, 16.500924483943678, 16.378147272746684, 16.285786460358036, 16.222804569224973, 16.187848943970746, 16.1793128777163, 16.195391348588455, 16.23413353429426, 16.293495875705815, 16.371421171912907, 16.465914798714838, 16.575073670027304, 16.69709183238971, 16.830266975179025, 16.973003071287113, 17.123815977415223, 17.28133799011788]}}