{"v.0": {"times": [0.02, 0.12, 0.22, 0.32, 0.42, 0.52, 0.62, 0.72, 0.82, 0.92, 1.02, 1.12, 1.22, 1.32, 1.42, 1.52, 1.62, 1.72, 1.82, 1.92, 2.02, 2.12, 2.22, 2.32, 2.42, 2.52, 2.62, 2.72, 2.82, 2.92, 3.02, 3.12, 3.22, 3.32, 3.42, 3.52, 3.62, 3.72, 3.82, 3.92, 4.02, 4.12, 4.22, 4.32, 4.42, 4.52, 4.62, 4.72, 4.82, 4.92], "accelerations": [0.0, -0.26947755018724706, -0.49054300033795073, -0.6718936665297548, -0.8206643772219024, -0.9427081768098589, -1.0428266003117415, -1.1249585788181804, -1.1923354077509885, -1.2476078748171915, -1.2929505492042637, -1.3301473350498583, -1.3606616550791983, -1.385694025636397, -1.4062292882652372, -1.4230753560507736, -1.436894999117655, -1.4482319198126703, -1.4575321434303845, -1.4651615660635997, -1.4714203499501366, -1.4765547326703654, -1.4807667148058812, -1.4842220071898282, -1.4870565504228495, -1.4893818631449562, -1.4912894294830892, -1.4928542982861615, -1.494138035747028, -1.495191147590802, -1.496055066101576, -1.4967637801831302, -1.4973451725751374, -1.4978221168355788, -1.4982133772488027, -1.4985343470634405, -1.4987976541053882, -1.4990136575892876, -1.4991908556808653, -1.4993362198328697, -1.4994554690684225, -1.4995532949757973, -1.4996335462935662, -1.499699380325481, -1.4997533871614621, -1.499797691577598, -1.4998340366297214, -1.4998638522314423, -1.499888311409947, -1.4999083764550392], "velocities": [30.0, 29.98473877509364, 29.945271500168968, 29.885946833265116, 29.810332188611152, 29.721354088404873, 29.62141330015575, 29.512479289408653, 29.39616770387491, 29.27380393740776, 29.146475274601386, 29.015073667524053, 28.880330827538536, 28.742847012817364, 28.603114644131775, 28.46153767802428, 28.318447499557763, 28.174115959905205, 28.02876607171414, 27.882580783030853, 27.735710174974027, 27.588277366334243, 27.440383357402055, 27.292111003594123, 27.143528275210578, 26.994690931571586, 26.845644714740676, 26.696427149141844, 26.547069017872605, 26.39759557379468, 26.248027533050156, 26.09838189009104, 25.948672586287092, 25.798911058417296, 25.649106688623863, 25.499267173531248, 25.34939882705218, 25.199506828794238, 25.049595427839694, 24.899668109915996, 24.749727734533774, 24.599776647487595, 24.44981677314608, 24.299849690161725, 24.149876693579518, 23.999898845787353, 23.849917018313356, 23.69993192611416, 23.54994415570318, 23.399954188225728]}, "v.1": {"times": [0.02, 0.12, 0.22, 0.32, 0.42, 0.52, 0.62, 0.72, 0.82, 0.92, 1.02, 1.12, 1.22, 1.32, 1.42, 1.52, 1.62, 1.72, 1.82, 1.92, 2.02, 2.12, 2.22, 2.32, 2.42, 2.52, 2.62, 2.72, 2.82, 2.92, 3.02, 3.12, 3.22, 3.32, 3.42, 3.52, 3.62, 3.72, 3.82, 3.92, 4.02, 4.12, 4.22, 4.32, 4.42, 4.52, 4.62, 4.72, 4.82, 4.92], "accelerations": [0.0, -0.3052298425789246, -0.5546464868007916, -0.7574840199531252, -0.9214803686166562, -1.0531257686722029, -1.1578683536672685, -1.240284489314547, -1.3042201041852053, -1.3529081387488873, -1.38906631155713, -1.4149786455757152, -1.4325635789969482, -1.4447175598721884, -1.4546491442281706, -1.4627965025699297, -1.4694801741335084, -1.4749631127379814, -1.4794610321004598, -1.4831508926025805, -1.4861778633918021, -1.4886610337327966, -1.4906980983003137, -1.4923692007553058, -1.4937400868127781, -1.494864690859643, -1.4957872578776232, -1.4965440841621103, -1.4971649453180191, -1.4976742677117016, -1.4980920894718253, -1.4984348488418675, -1.4987160309090086, -1.4989466981393917, -1.4991359256093517, -1.499291158042837, -1.4994185027052964, -1.4995229696829426, -1.4996086689901489, -1.4996789722715675, -1.4997366454490901, -1.4997839575414673, -1.499822769936543, -1.499854609619078, -1.4998807292478489, -1.4999021564413795, -1.4999197342032033, -1.4999341540896438, -1.4999459834193374, -1.4999556875892495], "velocities": [30.0, 29.98270937124596, 29.938048577900172, 29.87107756834765, 29.78601742073129, 29.68638590379909, 29.575110618602565, 29.45462357715076, 29.326940389393013, 29.193726668792824, 29.056353806848538, 28.91594588985307, 28.77341922193276, 28.629472534081074, 28.484438326259088, 28.338512005429834, 28.19185384121181, 28.044595310514012, 27.89684427019524, 27.748689200446204, 27.60020268584098, 27.451444271011475, 27.302462803295267, 27.153298354522626, 27.003983797551445, 26.854546099574783, 26.705007383083622, 26.555385796225845, 26.405696226803716, 26.255950888000495, 26.106159798880263, 25.956331178565293, 25.80647176959851, 25.656587103213546, 25.50668171694856, 25.35675933316523, 25.206823005496616, 25.05687523898541, 24.90691808863915, 24.756953240279746, 24.60698207686831, 24.457005732914734, 24.307025139112227, 24.15704105895332, 24.00705411876788, 23.857064832364575, 23.707073621245407, 23.557080831188866, 23.407086745853725, 23.25709159793903]}}