{"v.0": {"times": [0.02, 0.12, 0.22, 0.32, 0.42, 0.52, 0.62, 0.72, 0.82, 0.92, 1.02, 1.12, 1.22, 1.32, 1.42, 1.52, 1.62, 1.72, 1.82, 1.92, 2.02, 2.12, 2.22, 2.32, 2.42, 2.52, 2.62, 2.72, 2.82, 2.92, 3.02, 3.12, 3.22, 3.32, 3.42, 3.52, 3.62, 3.72, 3.82, 3.92, 4.02, 4.12, 4.22, 4.32, 4.42, 4.52, 4.62, 4.72, 4.82, 4.92, 5.02, 5.12, 5.22, 5.32, 5.42, 5.52, 5.62, 5.72, 5.82, 5.92, 6.02, 6.12, 6.22, 6.32, 6.42, 6.52, 6.62, 6.72, 6.82, 6.92, 7.02, 7.12, 7.22, 7.32, 7.42, 7.52, 7.62, 7.72, 7.82, 7.92, 8.02, 8.12, 8.22, 8.32, 8.42, 8.52, 8.62, 8.72, 8.82, 8.92, 9.02, 9.12, 9.22, 9.32, 9.42, 9.52, 9.62, 9.72, 9.82, 9.92], "accelerations": [0.0, -0.26947755018724706, -0.49054300033795073, -0.6718936665297548, -0.8206643772219024, -0.9427081768098589, -1.0428266003117415, -1.1249585788181804, -1.1923354077509885, -1.2476078748171915, -1.2929505492042637, -1.3301473350498583, -1.3606616550791983, -1.385694025636397, -1.4062292882652372, -1.4230753560507736, -1.436894999117655, -1.4482319198126703, -1.4575321434303845, -1.4651615660635997, -1.4714203499501366, -1.4765547326703654, -1.4807667148058812, -1.4842220071898282, -1.4870565504228495, -1.4893818631449562, -1.4912894294830892, -1.4928542982861615, -1.494138035747028, -1.495191147590802, -1.496055066101576, -1.4967637801831302, -1.4973451725751374, -1.4978221168355788, -1.4982133772488027, -1.4985343470634405, -1.4987976541053882, -1.4990136575892876, -1.4991908556808653, -1.4993362198328697, -1.4994554690684225, -1.4995532949757973, -1.4996335462935662, -1.499699380325481, -1.4997533871614621, -1.499797691577598, -1.4998340366297214, -1.4998638522314423, -1.499888311409947, -1.4999083764550392, -1.4999248367807638, -1.4999383399807442, -1.4999494173078887, -1.4999585045742947, -1.4999659592984216, -1.4999720747685075, -1.499977091583915, -1.4999812071195606, -1.4999845832921466, -1.4999873529301766, -1.4999896249978661, -1.4999914888846888, -1.4988279680650862, -1.477548429717146, -1.4335906978697466, -1.3718173681741774, -1.2965370007400168, -1.2115263758364136, -1.120058289251702, -1.0249333935639982, -0.9285147873619337, -0.832764238362671, -0.7392790971980645, -0.6493291157116943, -0.5638925265465389, -0.4836908696258746, -0.40922216599632577, -0.34079214094333565, -0.27854328680199103, -0.22248163231459728, -0.17250115041598235, -0.12840579093378324, -0.08992916972410114, -0.05675198211712029, -0.028517237179670474, -0.004843431057466319, 0.014664206637604593, 0.030404248928306288, 0.04277123957123763, 0.05214934044310837, 0.058907306387467884, 0.06339463918081378, 0.06593877776630563, 0.06684318897818287, 0.06638623123649268, 0.0648206727170475, 0.06237375506934484, 0.059247703526921214, 0.055620594064365037, 0.05164749790971257], "velocities": [30.0, 29.98473877509364, 29.945271500168968, 29.885946833265116, 29.810332188611152, 29.721354088404873, 29.62141330015575, 29.512479289408653, 29.39616770387491, 29.27380393740776, 29.146475274601386, 29.015073667524053, 28.880330827538536, 28.742847012817364, 28.603114644131775, 28.46153767802428, 28.318447499557763, 28.174115959905205, 28.02876607171414, 27.882580783030853, 27.735710174974027, 27.588277366334243, 27.440383357402055, 27.292111003594123, 27.143528275210578, 26.994690931571586, 26.845644714740676, 26.696427149141844, 26.547069017872605, 26.39759557379468, 26.248027533050156, 26.09838189009104, 25.948672586287092, 25.798911058417296, 25.649106688623863, 25.499267173531248, 25.34939882705218, 25.199506828794238, 25.049595427839694, 24.899668109915996, 24.749727734533774, 24.599776647487595, 24.44981677314608, 24.299849690161725, 24.149876693579518, 23.999898845787353, 23.849917018313356, 23.69993192611416, 23.54994415570318, 23.399954188225728, 23.249962418388513, 23.099969169988572, 22.94997470865221, 22.799979252285553, 22.649982979647422, 22.49998603738238, 22.349988545790033, 22.199990603558007, 22.04999229164448, 21.899993676463353, 21.749994812497153, 21.599995744440527, 21.450014024545204, 21.301092970800866, 21.155589618849234, 21.015499700203833, 20.88236331524794, 20.75731916512015, 20.641156240189307, 20.534362494969574, 20.43717017784062, 20.349597603515605, 20.27148725809795, 20.202540212136892, 20.142346887728365, 20.090414282828842, 20.04618980095846, 20.009081868734803, 19.978477548515755, 19.953757370087676, 19.934307614982632, 19.919530290734908, 19.908851031185836, 19.901725153727288, 19.89764209595132, 19.89612844327307, 19.896749746357816, 19.899111313169175, 19.90285814564313, 19.90767417579327, 19.91328094080669, 19.919435821680036, 19.92592995539816, 19.932585916750934, 19.93925525275132, 19.94581594035808, 19.952169826878905, 19.958240102074416, 19.963968841607805, 19.969314653082918]}, "v.1": {"times": [0.02, 0.12, 0.22, 0.32, 0.42, 0.52, 0.62, 0.72, 0.82, 0.92, 1.02, 1.12, 1.22, 1.32, 1.42, 1.52, 1.62, 1.72, 1.82, 1.92, 2.02, 2.12, 2.22, 2.32, 2.42, 2.52, 2.62, 2.72, 2.82, 2.92, 3.02, 3.12, 3.22, 3.32, 3.42, 3.52, 3.62, 3.72, 3.82, 3.92, 4.02, 4.12, 4.22, 4.32, 4.42, 4.52, 4.62, 4.72, 4.82, 4.92, 5.02, 5.12, 5.22, 5.32, 5.42, 5.52, 5.62, 5.72, 5.82, 5.92, 6.02, 6.12, 6.22, 6.32, 6.42, 6.52, 6.62, 6.72, 6.82, 6.92, 7.02, 7.12, 7.22, 7.32, 7.42, 7.52, 7.62, 7.72, 7.82, 7.92, 8.02, 8.12, 8.22, 8.32, 8.42, 8.52, 8.62, 8.72, 8.82, 8.92, 9.02, 9.12, 9.22, 9.32, 9.42, 9.52, 9.62, 9.72, 9.82, 9.92], "accelerations": [0.0, -1.439010117999473, -2.6036302582600257, -3.517889215707015, -4.20641107498092, -4.693840064932786, -5.004549046144646, -5.1622696284237435, -5.189761059381226, -5.108593959118579, -4.938960563426065, -4.699442083540717, -4.406972331786108, -4.076776272639648, -3.7223201845140608, -3.355282750581523, -2.985709834187489, -2.6219739723433833, -2.270975391732577, -1.9381445847944434, -1.6276619520336766, -1.3425277131052127, -1.084665891643155, -0.8551707604677716, -0.6543056877788445, -0.4817487926640496, -0.33660492072797865, -0.21757406526248246, -0.12302726942508002, -0.05113757353107928, 0.00015780127071707284, 0.03288260674096932, 0.04919699303478353, 0.05121177669344945, 0.0409157170182084, 0.020292006512079297, -0.00882147970209246, -0.044769639401209815, -0.08592981775130681, -0.13089014664693366, -0.17845868347379223, -0.2275145267141454, -0.27709609718939987, -0.326408469062045, -0.37481347056562697, -0.42170959476344194, -0.46667772844593003, -0.5093882694538365, -0.5496583390463883, -0.587313296923142, -0.622241664327916, -0.6544468855523178, -0.683994048977965, -0.7109301070055807, -0.7353691595390899, -0.7574804571213178, -0.7774053112282076, -0.7953556929923167, -0.8114445421863792, -0.8259126095751412, -0.8389275788523776, -0.850659407622345, -0.8612805200463924, -0.8709436374992663, -0.8797262115145088, -0.8872544323516252, -0.892984299370525, -0.8962676202067144, -0.8964324753307551, -0.8929152179032229, -0.8851470007616768, -0.8727145023950555, -0.8553081828978293, -0.8328360852498662, -0.8052553283167896, -0.772794142604738, -0.7356974856723042, -0.6943755669549745, -0.64925906993345, -0.6009423248720225, -0.550048405371939, -0.4972185188446332, -0.44312073675030206, -0.38839387104481204, -0.3337053999892703, -0.2796128942637921, -0.22669569305442394, -0.17552021175362142, -0.12649737026499963, -0.07999984519067027, -0.03636762652092784, 0.004092189624316234, 0.041232728513662664, 0.07489853928639434, 0.10499712193237087, 0.13158115414988458, 0.15460361242141119, 0.17418496135377382, 0.19037201705351947, 0.20339775533315674],